id;name;description;amount;weight
1;Up-sized Assurance Practical;administration navigating;56794;31906
2;Turkmenistan payment;Singapore Assistant;11560;52993
3;Toys Nevada International;maroon Cambridgeshire;97044;5036
4;transmit;feed Metal;82133;15583
5;human-resource Ergonomic;attitude District Small;21284;18551
6;Car;convergence bypassing Rustic;81012;77523
7;technologies mobile USB;EXE Car;96812;16824
8;transmitting Account;yellow Sports pixel;37280;9228
9;Global Coordinator;multi-state Toys;16352;66254
10;pixel repurpose;Handmade Shoes task-force;43109;83694
